,URL_S
0,https://www.eversports.nl/s/studio-aeris
1,https://www.eversports.de/s/schoenheitstanz-studio
2,https://www.eversports.de/s/poledance-nrw
3,https://www.eversports.de/s/ima-intentional-movement-academy
4,https://www.eversports.de/s/dance-%26-pole-h%C3%BCckeswagen
5,https://www.eversports.de/s/pole-dream
6,https://www.eversports.ch/s/dayuma-pole-and-acrobatics
7,https://www.eversports.de/s/polefriends
8,https://www.eversports.de/s/happy-pole-place
9,https://www.eversports.de/s/dance-department
10,https://www.eversports.de/s/nordpole-studio
11,https://www.eversports.de/s/stadtgazellen-osnabr%C3%BCck
12,https://www.eversports.de/s/polestation-academy
13,https://www.eversports.ch/s/polerinas-gmbh
14,https://www.eversports.de/s/dance-%26-pole-solingen
15,https://www.eversports.ch/s/moving-lions-polefitness-gmbh
16,https://www.eversports.de/s/pole-dance-studio-n%C3%BCrnberg
17,https://www.eversports.de/s/vanilla-sky-pole-atelier
18,https://www.eversports.de/s/pole-place-imst
19,https://www.eversports.ch/s/royal-pole
20,https://www.eversports.ch/s/loft1-zurich-hardbrucke
21,https://www.eversports.de/s/home-of-pole
22,https://www.eversports.de/s/pole-faction-pole-dance-&-fitness
23,https://www.eversports.de/s/dance-&-pole-deltawerk
24,https://www.eversports.at/s/inflow-or-poledance-fitness-and-yoga
25,https://www.eversports.de/s/tsg-blau-gold-ballett-und-pole-dance-studio
26,https://www.eversports.de/s/dunya-pole-dance-school
27,https://www.eversports.de/s/flexx-arts-memmingen
28,https://www.eversports.de/s/pole-%40-bremerhaven
29,https://www.eversports.de/s/pole-plus
30,https://www.eversports.de/s/pole-sport-coburg---akrobatik-%26-tanz-
31,https://www.eversports.at/s/polestation-academy
32,https://www.eversports.de/s/pole-dance-studio-passion-hannover
33,https://www.eversports.de/s/pole-bijou
34,https://www.eversports.de/s/pole-studio-koblenz
35,https://www.eversports.de/s/wonderpole
36,https://www.eversports.de/s/polemotion-freiburg
37,https://www.eversports.de/s/bodysoul-studio-duesseldorf
38,https://www.eversports.de/s/vertical-pole-aerial-dance-w%C3%BCrzburg
39,https://www.eversports.at/s/indeed-unique-studio-wien
40,https://www.eversports.de/s/pole-dance-academy-neuburg
41,https://www.eversports.de/s/center-of-moving-arts
42,https://www.eversports.de/s/janardana-yoga
43,https://www.eversports.de/s/bodysoul-studio-d%C3%BCsseldorf
44,https://www.eversports.de/s/lespole
45,https://www.eversports.de/s/feel-good-factory-pole-stretch-fly
46,https://www.eversports.de/s/munich-poledance
47,https://www.eversports.de/s/pole-box
48,https://www.eversports.de/s/vertical-pole-aerial-dance
49,https://www.eversports.de/s/bodysoul-studio-düsseldorf
50,https://www.eversports.de/s/airobics---pole-%26-aerial-dance-hamburg
51,https://www.eversports.de/s/exquisuite
52,https://www.eversports.de/s/janine-hollung
53,https://www.eversports.de/s/annis-pole-dance-neumuenster
54,https://www.eversports.de/s/star-poledance
55,https://www.eversports.de/s/passionate-pole-and-sports
56,https://www.eversports.de/s/poleroom-braunschweig
57,https://www.eversports.de/s/x-step-berlin
58,https://www.eversports.de/s/mmc-dance-&-event-studio
59,https://www.eversports.fr/s/le-jade-studio
60,https://www.eversports.de/s/seemannsbraut-poledance-flensburg
61,https://www.eversports.at/s/aerialistic-body-and-soul
62,https://www.eversports.de/s/poleside
63,https://www.eversports.de/s/crazypole-dresden
64,https://www.eversports.de/s/pole-dance-balance
65,https://www.eversports.de/s/schwerelos-münster
66,https://www.eversports.de/s/vi-dance-essen
67,https://www.eversports.de/s/schwerelos
68,https://www.eversports.ch/s/ecstatic-poledance
69,https://www.eversports.de/s/tanzvisionen
70,https://www.eversports.de/s/annaconda-pole-and-fitness
71,https://www.eversports.de/s/drehimpuls-aachen
72,https://www.eversports.de/s/pole-passion-bielefeld
73,https://www.eversports.de/s/the-pole-lounge
74,https://www.eversports.de/s/annis-pole-dance-uetersen
75,https://www.eversports.de/s/pole-and-move-online-studio
76,https://www.eversports.be/s/the-pole-temple
77,https://www.eversports.de/s/lift-off-poledance-academy-frankfurt
78,https://www.eversports.de/s/yoga-and-pole-art-by-selina
79,https://www.eversports.de/s/poledance!-aerial-%26-fitness-kiel
80,https://www.eversports.de/s/schönheitstanz-studio
81,https://www.eversports.de/s/tanzstudio-michel
82,https://www.eversports.de/s/passionate-pole-&-sports
83,https://www.eversports.de/s/tanzschule-step-up
84,https://www.eversports.de/s/sweatndance-k%C3%B6ln
85,https://www.eversports.be/s/studio-poleroi
86,https://www.eversports.de/s/spin-up
87,https://www.eversports.de/s/metropole-dance-now2
88,https://www.eversports.de/s/pole-dance-studio-waiblingen
89,https://www.eversports.de/s/upsidedown-studio-bad-homburg
90,https://www.eversports.de/s/poledance!-aerial-%26-fitness-schleswig
91,https://www.eversports.de/s/freaky-fitness
92,https://www.eversports.de/s/polefamily-koblenz
93,https://www.eversports.de/s/pole-birdies-1
94,https://www.eversports.de/s/ironx-
95,https://www.eversports.de/s/glow-sports-club
96,https://www.eversports.de/s/lustforlife.studio
97,https://www.eversports.de/s/pole-fit-nes
98,https://www.eversports.at/s/freigeist-studio-kufstein
99,https://www.eversports.de/s/polemagique
100,https://www.eversports.de/s/WeLovePoledance
101,https://www.eversports.de/s/pole-arts-saarland
102,https://www.eversports.be/s/upsidedown-studio-bad-homburg
103,https://www.eversports.de/s/das-tanz-center
104,https://www.eversports.de/s/pole2dance-vertical-fitness-and-dance-company
105,https://www.eversports.de/s/papillon-pole-dance-studio
106,https://www.eversports.de/s/pole-for-soul-gbr
107,https://www.eversports.de/s/pole-stars-osnabr%C3%BCck
108,https://www.eversports.de/s/polecreation
109,https://www.eversports.de/s/vi-dance-m%C3%BCnster
110,https://www.eversports.be/s/pole-dance-belgium-enghien
111,https://www.eversports.de/s/body-meets-soul-leipzig
112,https://www.eversports.de/s/aerial-art-poledance
113,https://www.eversports.de/s/t-tanzstueck-braunschweig
114,https://www.eversports.de/s/pole-acrobatics
115,https://www.eversports.de/s/cindy%C2%B4s-pole-dance
116,https://www.eversports.de/s/pole-dance-studio-karlsruhe
117,https://www.eversports.de/s/pure-body-concepts
118,https://www.eversports.de/s/vertical-ballerina---poledance-studio-m%C3%BCnchen
119,https://www.eversports.de/s/just-fly
120,https://www.eversports.de/s/polefitness-by-sophie-m.
121,https://www.eversports.de/s/anni's-pole-dance-neum%C3%BCnster
122,https://www.eversports.ch/s/valkyrie-pole-luzern
123,https://www.eversports.de/s/orbit-studio
124,https://www.eversports.de/s/exotic-academy
125,https://www.eversports.de/s/fly-%26-flow-studio
126,https://www.eversports.de/s/aerial-%26-vertikal-floor-of-art
127,https://www.eversports.de/s/luftbonbon
128,https://www.eversports.de/s/poledance-leipzig
129,https://www.eversports.de/s/polefit-aline-sustrath
130,https://www.eversports.de/s/dance-&-pole-langenfeld
131,https://www.eversports.de/s/studio-beyou
132,https://www.eversports.de/s/vertical-kay-poledance-%26-aerialarts-studio
133,https://www.eversports.de/s/tanzstudio-redlightdance-berlin
134,https://www.eversports.de/s/sweatndance
135,https://www.eversports.de/s/indeed-unique-studio-wien
136,https://www.eversports.de/s/unique-studios-schweinfurt
137,https://www.eversports.de/s/dancingstyle
138,https://www.eversports.de/s/freaky-pole-cats-hengersberg
139,https://www.eversports.de/s/dance-and-pole-langenfeld
140,https://www.eversports.de/s/dalibravita
141,https://www.eversports.de/s/vertical-pole-aerial-dance-1
142,https://www.eversports.de/s/b.fitness-pole%26body
143,https://www.eversports.de/s/flyhigh-aerial-fitness
144,https://www.eversports.de/s/polefit-pirmasens
145,https://www.eversports.de/s/dance-%26-fly-pole-studio
146,https://www.eversports.de/s/aerial-balance
147,https://www.eversports.de/s/dance-%26-pole-langenfeld
148,https://www.eversports.de/s/vertical-kay-poledance-%26-aerialarts-education
149,https://www.eversports.de/s/polea-pole-and-aerial-dance
150,https://www.eversports.de/s/pole-dance-krefeld
151,https://www.eversports.be/s/full-moon-studio-ixelles
152,https://www.eversports.de/s/verticalarts-pole-%26-aerial-fitness
153,https://www.eversports.de/s/polegarage-hagen
154,https://www.eversports.de/s/flow-fusion-pole-aerial-dance-studio
155,https://www.eversports.be/s/full-moon-studio-merode-etterbeek
156,https://www.eversports.de/s/pole-dance-beauties
157,https://www.eversports.de/s/the-basement-pole-dance-and-movement
158,https://www.eversports.nl/s/aerial-studio
159,https://www.eversports.de/s/infinity-polesports-eggenfelden
160,https://www.eversports.de/s/t-tanzstück-braunschweig
161,https://www.eversports.de/s/polemotions
162,https://www.eversports.de/s/zero-gravity-pole-
163,https://www.eversports.de/s/elements-and-polebuddies
164,https://www.eversports.de/s/lift-off-poledance-academy
165,https://www.eversports.ch/s/loft1-basel-city
166,https://www.eversports.de/s/dance-and-pole-leverkusen
167,https://www.eversports.de/s/körpernah
168,https://www.eversports.de/s/pole-sisters
169,https://www.eversports.de/s/studio-yh-pole-(and)-sports-berlin
170,https://www.eversports.de/s/luftfabrik-dresden
171,https://www.eversports.de/s/studio-mohnblume
172,https://www.eversports.ch/s/polesports-education
173,https://www.eversports.de/s/aerial-amazons
174,https://www.eversports.de/s/lift-off---poledance-academy-frankfurt
175,https://www.eversports.de/s/pole-heroes-pole-%26-aerial-dance-studio
176,https://www.eversports.de/s/pole-and-move-heidelberg
177,https://www.eversports.de/s/firstsports-polefitness
178,https://www.eversports.de/s/poledance-4-you
179,https://www.eversports.de/s/incredipole---pole-%26-fitness-by-carolin
180,https://www.eversports.de/s/metropole-dance-now1
181,https://www.eversports.de/s/calipso-studio
182,https://www.eversports.de/s/crazypole%C2%AE
183,https://www.eversports.de/s/annaconda-pole-&-fitness
184,https://www.eversports.de/s/pole-emotion-bremerhaven
185,https://www.eversports.nl/s/dragon-pole-dance
186,https://www.eversports.de/s/monopole-dance
187,https://www.eversports.de/s/unique-pole-art
188,https://www.eversports.de/s/slow-motion
189,https://www.eversports.de/s/pole-flow-berlin
190,https://www.eversports.de/s/pole.physio-eppelheim
191,https://www.eversports.de/s/moving-art-studios
192,https://www.eversports.de/s/polerinas-art-pole-%26aerial-fitness
193,https://www.eversports.de/s/polefly-academy
194,https://www.eversports.at/s/britt-bloem-pt
195,https://www.eversports.ch/s/loft1-zurich-seefeld
196,https://www.eversports.de/s/stadtgazellen-bremen
197,https://www.eversports.be/s/pole-dance-belgium-ixelles
198,https://www.eversports.de/s/unique-studios
199,https://www.eversports.de/s/ramonas-tanzschmiede
200,https://www.eversports.be/s/brussels-art-pole
201,https://www.eversports.de/s/royal-pole
202,https://www.eversports.de/s/vertical-pole-aerial-dance-aschaffenburg
203,https://www.eversports.de/s/palazzo-sportivo
204,https://www.eversports.be/s/dunya-pole-dance-school
205,https://www.eversports.de/s/dance-moves-wolfenb%C3%BCttel
206,https://www.eversports.de/s/pole-and-move-ketsch
207,https://www.eversports.de/s/divas-dance-studio
208,https://www.eversports.de/s/verticalarts-pole-&-aerial-fitness
209,https://www.eversports.be/s/vibes-by-v-school
210,https://www.eversports.de/s/polefitness-premium
211,https://www.eversports.de/s/a-heart-for-poledance
212,https://www.eversports.de/s/lush-motion
213,https://www.eversports.de/s/dance-in-the-city-remscheid
214,https://www.eversports.de/s/pole-for-soul
215,https://www.eversports.de/s/femella-studio
216,https://www.eversports.de/s/pole-werk-by-nelly
217,https://www.eversports.de/s/cindys-pole-dance
218,https://www.eversports.de/s/schwerelos-muenster
219,https://www.eversports.de/s/health-and-shape-muenchen
220,https://www.eversports.de/s/dance-&-pole-leverkusen
221,https://www.eversports.de/s/airobics
222,https://www.eversports.de/s/pure-motion-kiel
223,https://www.eversports.de/s/-pole-aerial-dance-souldance
224,https://www.eversports.de/s/poledance-schule-berlin
225,https://www.eversports.de/s/studio-aria-arte
226,https://www.eversports.de/s/open-aerial-dance
227,https://www.eversports.de/s/pole-acrobatics-deggingen
228,https://www.eversports.de/s/dayuma-pole-&-acrobatics
229,https://www.eversports.de/s/aerial-studio
230,https://www.eversports.de/s/pole-and-art
231,https://www.eversports.de/s/koerperformfabrik-gbr
232,https://www.eversports.de/s/dance-%26-pole-leverkusen
233,https://www.eversports.de/s/yoga-vidya-burgdorf
234,https://www.eversports.de/s/pole-fit-britt
235,https://www.eversports.de/s/pole-dance-nrw
236,https://www.eversports.de/s/polearize
237,https://www.eversports.de/s/pole-shape-studio
238,https://www.eversports.de/s/pole-paradise
239,https://www.eversports.ch/s/polecats
240,https://www.eversports.de/s/koerpernah
241,https://www.eversports.nl/s/pole-dance-factory-amsterdam-noord
242,https://www.eversports.nl/s/spiritn-roses
243,https://www.eversports.de/s/polevybe
244,https://www.eversports.de/s/poledance!-aerial-%26-fitness-flensburg-wees
245,https://www.eversports.de/s/poledancestar-leipzig
246,https://www.eversports.de/s/le-chat-noir-berlin
247,https://www.eversports.be/s/air-dance-school-flagey
248,https://www.eversports.de/s/tanzteufel-denzlingen
249,https://www.eversports.de/s/infinityarts
250,https://www.eversports.de/s/polesition-regensburg
251,https://www.eversports.de/s/pole-faction-rhein-neckar
252,https://www.eversports.de/s/welovepoledance
253,https://www.eversports.de/s/passionate-pole-%26-sports
254,https://www.eversports.de/s/les.pole
255,https://www.eversports.de/s/sch%C3%B6nheitstanz-berlin
256,https://www.eversports.de/s/st-polestudio
257,https://www.eversports.de/s/aerialflow
258,https://www.eversports.de/s/a-heart-for-poledance-1
259,https://www.eversports.de/s/vertical-ab
260,https://www.eversports.de/s/polefriends-halle
261,https://www.eversports.de/s/pole-and-move-ludwigshafen
262,https://www.eversports.de/s/spirit'n-roses
263,https://www.eversports.de/s/nisa-verticals
264,https://www.eversports.de/s/pole-dance-power
265,https://www.eversports.de/s/da-becca-flow-and-fit
266,https://www.eversports.de/s/polea---pole-and-aerial-dance
267,https://www.eversports.de/s/studio-nienke
268,https://www.eversports.de/s/secret-moves-athletic-dance-studio
269,https://www.eversports.be/s/verticale
270,https://www.eversports.de/s/pole-your-body
271,https://www.eversports.de/s/fl'air-studios-berlin
272,https://www.eversports.de/s/pole-heaven
273,https://www.eversports.de/s/sky-move-pole-sport
274,https://www.eversports.de/s/loft1-basel-city
275,https://www.eversports.de/s/poleworkx
276,https://www.eversports.de/s/poleria
277,https://www.eversports.de/s/pole-arts
278,https://www.eversports.de/s/souldance
279,https://www.eversports.de/s/aerial-studio-arnhem
280,https://www.eversports.de/s/poledance-zwickau-e.-v.
281,https://www.eversports.de/s/css-aerial-dance-studio
282,https://www.eversports.de/s/unique-studios-w%C3%BCrzburg
283,https://www.eversports.de/s/studio-fitnessdarling
284,https://www.eversports.de/s/t-tanzstueck-wolfsburg
285,https://www.eversports.de/s/cheesy-heaven
286,https://www.eversports.de/s/polelove-bremen
287,https://www.eversports.de/s/pole-%26-tanzwelt
288,https://www.eversports.de/s/t-tanzstück-wolfsburg
289,https://www.eversports.de/s/polewirbel
290,https://www.eversports.de/s/aerial-art-poledance-country-base
291,https://www.eversports.de/s/mmc-dance-studio
292,https://www.eversports.nl/s/fly-and-flow-studio
293,https://www.eversports.de/s/tanzteufel-emmendingen
294,https://www.eversports.de/s/wildheart-yoga-%26-pole-dance
295,https://www.eversports.de/s/schwerelos-bochum
296,https://www.eversports.de/s/flexx-arts-aerial-dance-and-fitness
297,https://www.eversports.de/s/poda-studio
298,https://www.eversports.de/s/the-pole-jungle
299,https://www.eversports.de/s/polefitness-leipzig
300,https://www.eversports.de/s/polerinas-poledance/team
301,https://www.eversports.de/s/satori-pole-dance-potsdam
302,https://www.eversports.de/s/pole-dance-trier
303,https://www.eversports.de/s/polestudio-neuss
304,https://www.eversports.de/s/pole-dance-%26-fitness
305,https://www.eversports.de/s/polemotions-gp
306,https://www.eversports.de/s/cologne-pole-fitness---pole-dance-k%C3%B6ln
307,https://www.eversports.de/s/freaky-pole-cats-schwandorf
308,https://www.eversports.be/s/air-dance-school-uccle-et-bla
309,https://www.eversports.de/s/pole-fit-plauen
310,https://www.eversports.de/s/the-supergirl-studio
311,https://www.eversports.de/s/polemotions-tuebingen
312,https://www.eversports.de/s/seemannsbraut-poledance
313,https://www.eversports.de/s/stretch-%26-pole
314,https://www.eversports.de/s/soul-flight
315,https://www.eversports.de/s/polestarz---the-art-of-pole%2C-dance-%26-fitness
316,https://www.eversports.de/s/lift-off-poledance-academy-viersen
317,https://www.eversports.de/s/poleart_inspiration
318,https://www.eversports.de/s/crazysports-augsburg
319,https://www.eversports.ch/s/spin-up
320,https://www.eversports.de/s/zero-gravity-pole
321,https://www.eversports.de/s/lea-aqua
322,https://www.eversports.de/s/freaky-pole-cats-cham
323,https://www.eversports.de/s/aerial-loft
324,https://www.eversports.de/s/pole-oase
325,https://www.eversports.de/s/aerial-art-studio
326,https://www.eversports.de/s/aerial-athletix
327,https://www.eversports.de/s/pole-dance-mettingen
328,https://www.eversports.de/s/polerina%C2%B4s-poledance-%26-aerial-fitness
329,https://www.eversports.de/s/verticalspirit-chemnitz-e.-v.
330,https://www.eversports.de/s/schwerelos-m%C3%BCnster
331,https://www.eversports.de/s/polesports-studio-buchholz
332,https://www.eversports.de/s/poledreams
333,https://www.eversports.de/s/divapole
334,https://www.eversports.nl/s/pole-inspiration-dance-studio
335,https://www.eversports.de/s/dance-and-pole-solingen
336,https://www.eversports.de/s/nordpole
337,https://www.eversports.de/s/pole-circus
338,https://www.eversports.de/s/polemotions-filderstadt
339,https://www.eversports.de/s/lift-off---poledance-academy-viersen
340,https://www.eversports.at/s/vipole-poledance-and-aerial-arts
341,https://www.eversports.de/s/crazy-up-%26-pole
342,https://www.eversports.de/s/polemotions-t%C3%BCbingen
343,https://www.eversports.at/s/the-pole-jungle
344,https://www.eversports.de/s/indeed-unique---studio-wien
345,https://www.eversports.de/s/soultide
346,https://www.eversports.de/s/poledance-rostock
347,https://www.eversports.de/s/kaifu-lodge
348,https://www.eversports.de/s/poletastix-d%C3%BCsseldorf
349,https://www.eversports.de/s/flexx-arts-aerial-dance-&-fitness
350,https://www.eversports.de/s/open-aerial-dance-wiesbaden
351,https://www.eversports.de/s/pole2dance---vertical-fitness-and-dance-company
352,https://www.eversports.be/s/pole-fitness-waterloo
353,https://www.eversports.de/s/polemotions-tübingen
354,https://www.eversports.de/s/metropole-dance---now1
355,https://www.eversports.de/s/stadtgazellen-studio
356,https://www.eversports.de/s/activo-polefitness
357,https://www.eversports.de/s/dance-and-pole-deltawerk
358,https://www.eversports.de/s/vertical-moves---pole-dance-%26-sports
359,https://www.eversports.nl/s/studio-nienke
360,https://www.eversports.de/s/studio-aeris
361,https://www.eversports.de/s/t-tanzst%C3%BCck-braunschweig
362,https://www.eversports.de/s/k%C3%B6rpernah
363,https://www.eversports.de/s/la-familia-poleclub
364,https://www.eversports.de/s/annaconda-pole-%26-aerial-sports
365,https://www.eversports.de/s/swiss-mega-park
366,https://www.eversports.de/s/saltosandra
367,https://www.eversports.de/s/pole-dance-stuttgart
368,https://www.eversports.de/s/pole-faction-darmstadt
369,https://www.eversports.be/s/lift-off-poledance-academy
370,"https://www.eversports.de/s/move-lounge-pilates,-powerplate,-trx,-personaltraining"
371,https://www.eversports.de/s/poleplace
372,https://www.eversports.de/s/poleathletix
373,https://www.eversports.de/s/polestructions
374,https://www.eversports.de/s/pole-dance-academy-hameln
375,https://www.eversports.de/s/polegarage-iserloh
376,https://www.eversports.be/s/full-moon-studio-thieffry-etterbeek
377,https://www.eversports.de/s/secret-moves---athletic-dance-studio
378,https://www.eversports.de/s/dance-%26-fitness-academy
379,https://www.eversports.de/s/aerial-art-poledance-city-base
380,https://www.eversports.de/s/move-on!-dance-studio-%26-polemotions
381,https://www.eversports.de/s/jeds
382,https://www.eversports.de/s/tsg-blau-gold-gießen-e.v.
383,https://www.eversports.de/s/infinity-polesports
384,https://www.eversports.de/s/k%C3%B6rperformfabrik-gbr
385,https://www.eversports.de/s/muse-pole-dance
386,https://www.eversports.de/s/pole-statement
387,https://www.eversports.de/s/gravity-arts-luzern
388,https://www.eversports.de/s/pole-yourself
389,https://www.eversports.de/s/360-grad-soulsports
390,https://www.eversports.de/s/upsidedown-studio-friedrichsdorf
391,https://www.eversports.de/s/feel-good-factory%3A-pole-%E2%80%A2-stretch-%E2%80%A2-fly
392,https://www.eversports.de/s/pole-dance-academy-n%C3%BCrnberg
393,https://www.eversports.de/s/studio-elodie-tanzbewegung
394,https://www.eversports.de/s/the-miss-filly-institute-of-pole
395,https://www.eversports.de/s/tanzstudio-vi-dance-dortmund
396,https://www.eversports.de/s/tsg-blau-gold-giessen-ev
397,https://www.eversports.de/s/empire-pole
398,https://www.eversports.de/s/poleaddict
399,https://www.eversports.de/s/health-and-shape
400,https://www.eversports.de/s/pure-body-concepts-1
401,https://www.eversports.de/s/tanzteufel
402,https://www.eversports.de/s/die-dance-academy-by-wipper
403,https://www.eversports.de/s/pole-faction-pole-dance-and-fitness
404,https://www.eversports.de/s/pole-formance
405,https://www.eversports.de/s/mypole
406,https://www.eversports.de/s/pole-and-move-mannheim
407,https://www.eversports.de/s/yh-pole-and-sports-berlin
408,https://www.eversports.de/s/pole-sensation
409,https://www.eversports.de/s/pole-%26-aerial-dance-g%C3%B6ttingen
410,https://www.eversports.de/s/mstage-tanzart-bewegung
411,https://www.eversports.de/s/polespirit
412,https://www.eversports.de/s/artletik-ug-laufen-und-meer
413,https://www.eversports.de/s/infinity-polesports-burgkirchen
414,https://www.eversports.de/s/tsg-blau-gold-ballett--und-pole-dance--studio
415,https://www.eversports.be/s/dc-pole-studio
416,https://www.eversports.de/s/le-serpent-rouge
417,https://www.eversports.de/s/bellabina-kulturell%2C-ballettschule%2C-pole-sport%2C-tanzstudio%2C-musikunterricht
418,https://www.eversports.ch/s/danza-dell-orso-d-oro
419,https://www.eversports.de/s/ironx
420,https://www.eversports.de/s/move-on!-dance-studio-&-polemotions
421,https://www.eversports.de/s/pura-studio
422,https://www.eversports.de/s/pole-loft
423,https://www.eversports.de/s/verticalarts-pole-and-aerial-fitness
424,https://www.eversports.de/s/tanzschule-poledance-reutlingen
425,https://www.eversports.de/s/mmc-dance-and-event-studio
426,https://www.eversports.de/s/del%C3%ADa-pole-dance
427,https://www.eversports.de/s/aerial-sportstudio
428,https://www.eversports.de/s/dayuma
429,https://www.eversports.de/s/yoga-at-lobe-block
430,https://www.eversports.ch/s/valkyrie-pole-basel
431,https://www.eversports.de/s/drehmoment-pole.aerial.dance
432,https://www.eversports.de/s/pole-heroes
433,https://www.eversports.de/s/flying-soul-pole-dance-studio
434,https://www.eversports.de/s/pole-fun-wehr
435,https://www.eversports.de/s/t-tanzst%C3%BCck-wolfsburg
436,https://www.eversports.de/s/feel-good-factory:-pole-•-stretch-•-fly
437,https://www.eversports.de/s/rock'n'pole-regensburg
438,https://www.eversports.de/s/flow-academy
439,https://www.eversports.de/s/pole-room-%2F-poledance-%26-bodyworks
440,https://www.eversports.de/s/papillon-dance-and-sport-academy
441,https://www.eversports.de/s/poledance-worms
442,https://www.eversports.de/s/fanlin-studio---pole-%26-aerial-dance
443,https://www.eversports.de/s/flyhigh
444,https://www.eversports.de/s/la-belle
445,https://www.eversports.de/s/polesports-studio-bremen
446,https://www.eversports.de/s/polepoint-dance-studio
447,https://www.eversports.de/s/polemotions-g%C3%B6ppingen
448,https://www.eversports.de/s/aerial-circus
449,https://www.eversports.de/s/polesensation
450,https://www.eversports.de/s/anni's-pole-dance-uetersen
451,https://www.eversports.de/s/pole-circus-a-%2B-k
452,https://www.eversports.de/s/polesports-studio-l%C3%BCneburg
453,https://www.eversports.de/s/munich-circus-arts
454,https://www.eversports.de/s/freaky-pole-cats-straubing
455,https://www.eversports.de/s/move-with-ana
456,https://www.eversports.de/s/metropole-dance---now2
457,https://www.eversports.de/s/pole-position-studio
458,https://www.eversports.de/s/pole-dance-palazzo-sportivo
459,https://www.eversports.de/s/gravity-arts-z%C3%BCrich
460,https://www.eversports.de/s/pole-circus-a-+-k
461,https://www.eversports.de/s/pole-passion-koblenz
462,https://www.eversports.nl/s/pole-dance-with-lise
463,https://www.eversports.de/s/aerial-athletix-
464,https://www.eversports.de/s/polefriends-magdeburg
465,https://www.eversports.de/s/poledance-m%C3%B6nchengladbach
466,https://www.eversports.de/s/körperformfabrik-gbr
467,https://www.eversports.de/s/aircrobatic-studios-m%C3%BCnchen
468,https://www.eversports.de/s/move-on-dance-studio-and-polemotions
469,https://www.eversports.de/s/one8dance-studio
470,https://www.eversports.de/s/pole-dance-factory-amsterdam-noord
471,https://www.eversports.de/s/balance-neumarkt
472,https://www.eversports.de/s/delicate-pole
473,https://www.eversports.de/s/anni's-pole-dance-neumünster
474,https://www.eversports.nl/s/aerial-studio-arnhem
475,https://www.eversports.de/s/lioness-lodge
476,https://www.eversports.de/s/niyaha-yoga-susann-kind
477,https://www.eversports.de/s/dancexotic
478,https://www.eversports.de/s/vi-dance-hamm
479,https://www.eversports.de/s/pole-dance-rosenheim-delia-studio
480,https://www.eversports.de/s/dayuma-pole-and-acrobatics
481,https://www.eversports.de/s/yh-pole-(and)-sports-berlin
482,https://www.eversports.de/s/polesition
483,https://www.eversports.de/s/poledancestar
484,https://www.eversports.de/s/sportheim-abensberg
485,https://www.eversports.de/s/dance-%26-pole-deltawerk
486,https://www.eversports.de/s/stories-in-motion
487,https://www.eversports.at/s/poledance-playground-innsbruck
488,https://www.eversports.de/s/polerina's-poledance
489,https://www.eversports.nl/s/iron-forest-studio-1
490,https://www.eversports.de/s/pole-%26-soul
491,https://www.eversports.de/s/health-&-shape-münchen
492,https://www.eversports.de/s/pole-dance-hechingen
493,https://www.eversports.de/s/polefitness-tituba-m%C3%B6nchengladbach!
494,https://www.eversports.nl/s/studio-skye
495,https://www.eversports.de/s/pole-dance-factory-amsterdam-oost
496,https://www.eversports.de/s/chromotion---aerial-dance-studio
497,https://www.eversports.de/s/poleroom
498,https://www.eversports.de/s/pole-circus-a-k
499,https://www.eversports.de/s/poledance-area
500,https://www.eversports.de/s/pole-land
501,https://www.eversports.de/s/pole-arts-saarland-
